[{"station":{"code":"WYN","name":"Wynau","ch1903Y":626400,"ch1903X":233850,"lat":47.255031533783,"lng":7.78740270818214,"elevation":422},"code":"WYN","dateTime":"2015-05-17T09:40:00.000Z","temperature":"15.8","sunshine":"0","precipitation":"0.0","windDirection":"1","windSpeed":"2.9","qnhPressure":"1025.7","gustPeak":"6.1","humidity":"69","qfePressure":"975.3","qffPressure":"1024.9"},{"station":{"code":"SPF","name":"Schüpfheim","ch1903Y":643677,"ch1903X":199706,"lat":46.9470006485667,"lng":8.01234264167352,"elevation":742},"code":"SPF","dateTime":"2015-05-17T09:40:00.000Z","temperature":"14.2","sunshine":"0","precipitation":"0.0","windDirection":"25","windSpeed":"10.4","qnhPressure":"1025.9","gustPeak":"16.9","humidity":"74","qfePressure":"938.8","qffPressure":null},{"station":{"code":"MOE","name":"Möhlin","ch1903Y":633050,"ch1903X":269142,"lat":47.5721492327181,"lng":7.87786102786742,"elevation":344},"code":"MOE","dateTime":"2015-05-17T09:40:00.000Z","temperature":"17.8","sunshine":"0","precipitation":"0.0","windDirection":"285","windSpeed":"10.8","qnhPressure":"1026.4","gustPeak":"17.6","humidity":"63","qfePressure":"985.1","qffPressure":"1025.5"},{"station":{"code":"FAH","name":"Fahy","ch1903Y":562458,"ch1903X":252676,"lat":47.4238169986586,"lng":6.94110403084587,"elevation":596},"code":"FAH","dateTime":"2015-05-17T09:40:00.000Z","temperature":"15.6","sunshine":"10","precipitation":"0.0","windDirection":"282","windSpeed":"9.4","qnhPressure":"1026.9","gustPeak":"19.1","humidity":"65","qfePressure":"956.3","qffPressure":"1025.6"},{"station":{"code":"KOP","name":"Koppigen","ch1903Y":612662,"ch1903X":218664,"lat":47.1188437731359,"lng":7.60548695538811,"elevation":484},"code":"KOP","dateTime":"2015-05-17T09:40:00.000Z","temperature":"16.4","sunshine":"8","precipitation":"0.0","windDirection":"51","windSpeed":"7.2","qnhPressure":"1025.9","gustPeak":"12.2","humidity":"63","qfePressure":"968.3","qffPressure":"1024.8"},{"station":{"code":"SHA","name":"Schaffhausen","ch1903Y":688698,"ch1903X":282796,"lat":47.6897747246289,"lng":8.62006156184061,"elevation":438},"code":"SHA","dateTime":"2015-05-17T09:40:00.000Z","temperature":"16.2","sunshine":"10","precipitation":"0.0","windDirection":"147","windSpeed":"6.5","qnhPressure":"1026.0","gustPeak":"14.0","humidity":"66","qfePressure":"973.7","qffPressure":"1025.1"},{"station":{"code":"DAV","name":"Davos","ch1903Y":783514,"ch1903X":187457,"lat":46.8129562080056,"lng":9.84348961918048,"elevation":1594},"code":"DAV","dateTime":"2015-05-17T09:40:00.000Z","temperature":"12.5","sunshine":"10","precipitation":"0.0","windDirection":"18","windSpeed":"10.1","qnhPressure":"1025.9","gustPeak":"16.6","humidity":"61","qfePressure":"846.5","qffPressure":null},{"station":{"code":"GOR","name":"Gornergrat","ch1903Y":626900,"ch1903X":92512,"lat":45.9836372007407,"lng":7.7857506622667,"elevation":3129},"code":"GOR","dateTime":"2015-05-17T09:40:00.000Z","temperature":"3.1","sunshine":"10","precipitation":null,"windDirection":"137","windSpeed":"3.6","qnhPressure":"1029.5","gustPeak":"10.1","humidity":"56","qfePressure":"701.5","qffPressure":null},{"station":{"code":"ROB","name":"Poschiavo / Robbia","ch1903Y":801850,"ch1903X":136180,"lat":46.3466435649771,"lng":10.0611313011419,"elevation":1078},"code":"ROB","dateTime":"2015-05-17T09:40:00.000Z","temperature":"18.6","sunshine":"10","precipitation":"0.0","windDirection":"219","windSpeed":"6.1","qnhPressure":"1022.7","gustPeak":"9.7","humidity":"42","qfePressure":"898.6","qffPressure":null},{"station":{"code":"ROE","name":"Robièi","ch1903Y":682587,"ch1903X":144091,"lat":46.4430666805738,"lng":8.5133789655127,"elevation":1894},"code":"ROE","dateTime":"2015-05-17T09:40:00.000Z","temperature":"9.9","sunshine":"10","precipitation":"0.0","windDirection":"258","windSpeed":"10.1","qnhPressure":"1025.7","gustPeak":"18.4","humidity":"47","qfePressure":"815.6","qffPressure":null},{"station":{"code":"GOE","name":"Gösgen","ch1903Y":640417,"ch1903X":245937,"lat":47.3630361197977,"lng":7.97366228620389,"elevation":380},"code":"GOE","dateTime":"2015-05-17T09:40:00.000Z","temperature":"16.7","sunshine":"10","precipitation":"0.0","windDirection":"331","windSpeed":"4.3","qnhPressure":"1025.8","gustPeak":"9.4","humidity":"65","qfePressure":"980.3","qffPressure":"1025.0"},{"station":{"code":"CHD","name":"Château-d'Oex","ch1903Y":577041,"ch1903X":147644,"lat":46.4797214100593,"lng":7.139667797942,"elevation":1029},"code":"CHD","dateTime":"2015-05-17T09:40:00.000Z","temperature":"13.9","sunshine":"3","precipitation":"0.0","windDirection":"235","windSpeed":"7.2","qnhPressure":"1026.2","gustPeak":"12.6","humidity":"59","qfePressure":"907.1","qffPressure":null},{"station":{"code":"SAE","name":"Säntis","ch1903Y":744200,"ch1903X":234920,"lat":47.2494413976821,"lng":9.34362868326132,"elevation":2502},"code":"SAE","dateTime":"2015-05-17T09:40:00.000Z","temperature":"0.3","sunshine":"0","precipitation":"0.0","windDirection":"257","windSpeed":"1.4","qnhPressure":null,"gustPeak":"9.0","humidity":"100","qfePressure":"758.4","qffPressure":null},{"station":{"code":"RAG","name":"Bad Ragaz","ch1903Y":756907,"ch1903X":209340,"lat":47.0165353440425,"lng":9.50253629846569,"elevation":496},"code":"RAG","dateTime":"2015-05-17T09:40:00.000Z","temperature":"17.0","sunshine":"0","precipitation":"0.0","windDirection":"295","windSpeed":"10.1","qnhPressure":"1025.5","gustPeak":"18.0","humidity":"68","qfePressure":"966.6","qffPressure":"1024.3"},{"station":{"code":"CHA","name":"Chasseral","ch1903Y":570842,"ch1903X":220154,"lat":47.1317251222829,"lng":7.05432266967391,"elevation":1599},"code":"CHA","dateTime":"2015-05-17T09:40:00.000Z","temperature":"5.8","sunshine":"0","precipitation":"0.0","windDirection":"305","windSpeed":"14.4","qnhPressure":"1026.8","gustPeak":"19.8","humidity":"95","qfePressure":"847.3","qffPressure":null},{"station":{"code":"WFJ","name":"Weissfluhjoch","ch1903Y":780615,"ch1903X":189635,"lat":46.8333321796502,"lng":9.80638447408206,"elevation":2690},"code":"WFJ","dateTime":"2015-05-17T09:40:00.000Z","temperature":"1.9","sunshine":"1","precipitation":"0.0","windDirection":"181","windSpeed":"11.2","qnhPressure":null,"gustPeak":"16.6","humidity":"91","qfePressure":"742.0","qffPressure":null},{"station":{"code":"SIO","name":"Sion","ch1903Y":591630,"ch1903X":118575,"lat":46.2185693630369,"lng":7.33016671307668,"elevation":482},"code":"SIO","dateTime":"2015-05-17T09:40:00.000Z","temperature":"18.1","sunshine":"10","precipitation":"0.0","windDirection":"250","windSpeed":"10.8","qnhPressure":"1024.8","gustPeak":"15.5","humidity":"56","qfePressure":"967.6","qffPressure":"1023.4"},{"station":{"code":"COV","name":"Piz Corvatsch","ch1903Y":783146,"ch1903X":143519,"lat":46.4179950938244,"lng":9.82117965380986,"elevation":3305},"code":"COV","dateTime":"2015-05-17T09:40:00.000Z","temperature":"-1.2","sunshine":"10","precipitation":"0.0","windDirection":"247","windSpeed":"10.1","qnhPressure":null,"gustPeak":"13.0","humidity":"77","qfePressure":"686.2","qffPressure":null},{"station":{"code":"SAM","name":"Samedan","ch1903Y":787210,"ch1903X":155700,"lat":46.5263952324829,"lng":9.87894426591142,"elevation":1708},"code":"SAM","dateTime":"2015-05-17T09:40:00.000Z","temperature":"13.0","sunshine":"10","precipitation":"0.0","windDirection":"31","windSpeed":"5.4","qnhPressure":"1025.1","gustPeak":"11.2","humidity":"47","qfePressure":"834.0","qffPressure":null},{"station":{"code":"HAI","name":"Salen-Reutenen","ch1903Y":719102,"ch1903X":279042,"lat":47.6511999115618,"lng":9.02393114025726,"elevation":718},"code":"HAI","dateTime":"2015-05-17T09:40:00.000Z","temperature":"12.8","sunshine":"0","precipitation":"0.0","windDirection":"359","windSpeed":"6.8","qnhPressure":"1026.4","gustPeak":"13.3","humidity":"91","qfePressure":"942.0","qffPressure":null},{"station":{"code":"COM","name":"Acquarossa / Comprovasco","ch1903Y":714998,"ch1903X":146440,"lat":46.459417646146,"lng":8.93565185399796,"elevation":575},"code":"COM","dateTime":"2015-05-17T09:40:00.000Z","temperature":"21.5","sunshine":"10","precipitation":"0.0","windDirection":"142","windSpeed":"7.9","qnhPressure":"1021.2","gustPeak":"12.2","humidity":"44","qfePressure":"953.4","qffPressure":"1018.5"},{"station":{"code":"MOA","name":"Mosen","ch1903Y":660124,"ch1903X":232846,"lat":47.2437927613342,"lng":8.23276877144593,"elevation":452},"code":"MOA","dateTime":"2015-05-17T09:40:00.000Z","temperature":"15.5","sunshine":"0","precipitation":"0.0","windDirection":"345","windSpeed":"7.9","qnhPressure":"1026.0","gustPeak":"14.8","humidity":"77","qfePressure":"972.1","qffPressure":"1025.2"},{"station":{"code":"GEN","name":"Monte Generoso","ch1903Y":722503,"ch1903X":87456,"lat":45.9276055169427,"lng":9.01787277740671,"elevation":1600},"code":"GEN","dateTime":"2015-05-17T09:40:00.000Z","temperature":"13.1","sunshine":"10","precipitation":"0.0","windDirection":"160","windSpeed":"13.0","qnhPressure":"1025.2","gustPeak":"23.4","humidity":"67","qfePressure":"845.3","qffPressure":null},{"station":{"code":"JUN","name":"Jungfraujoch","ch1903Y":641930,"ch1903X":155275,"lat":46.5474466171335,"lng":7.98533074962599,"elevation":3580},"code":"JUN","dateTime":"2015-05-17T09:40:00.000Z","temperature":"-1.2","sunshine":"10","precipitation":null,"windDirection":"0","windSpeed":"0.4","qnhPressure":null,"gustPeak":"1.4","humidity":"7","qfePressure":"663.0","qffPressure":null},{"station":{"code":"CGI","name":"Nyon / Changins","ch1903Y":506880,"ch1903X":139573,"lat":46.4010491034945,"lng":6.22775290546194,"elevation":455},"code":"CGI","dateTime":"2015-05-17T09:40:00.000Z","temperature":"17.4","sunshine":"4","precipitation":"0.0","windDirection":"96","windSpeed":"5.4","qnhPressure":"1025.3","gustPeak":"11.5","humidity":"67","qfePressure":"970.8","qffPressure":"1024.1"},{"station":{"code":"AIG","name":"Aigle","ch1903Y":560400,"ch1903X":130713,"lat":46.3266430235642,"lng":6.92442010713835,"elevation":381},"code":"AIG","dateTime":"2015-05-17T09:40:00.000Z","temperature":"16.4","sunshine":"0","precipitation":"0.0","windDirection":"344","windSpeed":"6.5","qnhPressure":"1025.2","gustPeak":"10.1","humidity":"64","qfePressure":"979.7","qffPressure":"1024.5"},{"station":{"code":"BRZ","name":"Brienz","ch1903Y":647546,"ch1903X":176806,"lat":46.7407480523312,"lng":8.06077610588396,"elevation":567},"code":"BRZ","dateTime":"2015-05-17T09:40:00.000Z","temperature":null,"sunshine":null,"precipitation":"0.0","windDirection":"283","windSpeed":"13.0","qnhPressure":"1025.6","gustPeak":"16.9","humidity":null,"qfePressure":"958.5","qffPressure":null},{"station":{"code":"OTL","name":"Locarno / Monti","ch1903Y":704160,"ch1903X":114350,"lat":46.1725640792303,"lng":8.78741560470555,"elevation":366},"code":"OTL","dateTime":"2015-05-17T09:40:00.000Z","temperature":"21.0","sunshine":"10","precipitation":"0.0","windDirection":"152","windSpeed":"5.8","qnhPressure":"1021.1","gustPeak":"11.9","humidity":"46","qfePressure":"976.7","qffPressure":"1019.7"},{"station":{"code":"MVE","name":"Montana","ch1903Y":601706,"ch1903X":127482,"lat":46.2987429348438,"lng":7.4607785993475,"elevation":1427},"code":"MVE","dateTime":"2015-05-17T09:40:00.000Z","temperature":"9.6","sunshine":"0","precipitation":"0.0","windDirection":"275","windSpeed":"4.0","qnhPressure":"1026.4","gustPeak":"7.6","humidity":"82","qfePressure":"864.9","qffPressure":null},{"station":{"code":"SBE","name":"S. Bernardino","ch1903Y":734112,"ch1903X":147296,"lat":46.4635635963581,"lng":9.18464366199888,"elevation":1638},"code":"SBE","dateTime":"2015-05-17T09:40:00.000Z","temperature":"12.6","sunshine":"10","precipitation":"0.0","windDirection":"356","windSpeed":"15.5","qnhPressure":"1025.4","gustPeak":"31.7","humidity":"54","qfePressure":"841.5","qffPressure":null},{"station":{"code":"ELM","name":"Elm","ch1903Y":732265,"ch1903X":198425,"lat":46.9237490269023,"lng":9.17534023178287,"elevation":958},"code":"ELM","dateTime":"2015-05-17T09:40:00.000Z","temperature":"12.9","sunshine":"0","precipitation":"0.0","windDirection":"327","windSpeed":"11.9","qnhPressure":"1026.0","gustPeak":"20.2","humidity":"72","qfePressure":"914.8","qffPressure":null},{"station":{"code":"VIS","name":"Visp","ch1903Y":631149,"ch1903X":128020,"lat":46.3028630759321,"lng":7.84293785963058,"elevation":639},"code":"VIS","dateTime":"2015-05-17T09:40:00.000Z","temperature":"19.0","sunshine":"10","precipitation":"0.0","windDirection":"292","windSpeed":"6.1","qnhPressure":"1024.1","gustPeak":"9.7","humidity":"48","qfePressure":"948.8","qffPressure":null},{"station":{"code":"GUT","name":"Güttingen","ch1903Y":738419,"ch1903X":273960,"lat":47.6017140906501,"lng":9.27937890904876,"elevation":440},"code":"GUT","dateTime":"2015-05-17T09:40:00.000Z","temperature":"15.6","sunshine":"10","precipitation":"0.0","windDirection":"15","windSpeed":"8.6","qnhPressure":"1026.1","gustPeak":"16.6","humidity":"75","qfePressure":"973.7","qffPressure":"1025.4"},{"station":{"code":"BUS","name":"Buchs / Aarau","ch1903Y":648389,"ch1903X":248365,"lat":47.3843365892733,"lng":8.07945080431874,"elevation":386},"code":"BUS","dateTime":"2015-05-17T09:40:00.000Z","temperature":"16.7","sunshine":"10","precipitation":"0.0","windDirection":"25","windSpeed":"5.4","qnhPressure":"1025.9","gustPeak":"10.1","humidity":"63","qfePressure":"979.7","qffPressure":"1025.1"},{"station":{"code":"INT","name":"Interlaken","ch1903Y":633019,"ch1903X":169093,"lat":46.6722444362808,"lng":7.87014022921899,"elevation":577},"code":"INT","dateTime":"2015-05-17T09:40:00.000Z","temperature":"15.2","sunshine":"0","precipitation":"0.0","windDirection":"309","windSpeed":"11.5","qnhPressure":"1025.6","gustPeak":"22.0","humidity":"66","qfePressure":"957.3","qffPressure":"1024.4"},{"station":{"code":"EGO","name":"Egolzwil","ch1903Y":642910,"ch1903X":225537,"lat":47.1793945148474,"lng":8.00471536059651,"elevation":521},"code":"EGO","dateTime":"2015-05-17T09:40:00.000Z","temperature":"15.1","sunshine":"0","precipitation":"0.0","windDirection":"347","windSpeed":"7.9","qnhPressure":"1025.9","gustPeak":"11.9","humidity":"87","qfePressure":"964.1","qffPressure":"1025.0"},{"station":{"code":"PIO","name":"Piotta","ch1903Y":695888,"ch1903X":152261,"lat":46.5147811270825,"lng":8.68813619838581,"elevation":990},"code":"PIO","dateTime":"2015-05-17T09:40:00.000Z","temperature":"18.5","sunshine":"10","precipitation":"0.0","windDirection":"274","windSpeed":"20.5","qnhPressure":"1022.8","gustPeak":"27.7","humidity":"43","qfePressure":"908.4","qffPressure":null},{"station":{"code":"CDF","name":"La Chaux-de-Fonds","ch1903Y":550923,"ch1903X":214893,"lat":47.083227527603,"lng":6.79236217734247,"elevation":1018},"code":"CDF","dateTime":"2015-05-17T09:40:00.000Z","temperature":"11.9","sunshine":"5","precipitation":"0.0","windDirection":"6","windSpeed":"6.5","qnhPressure":"1026.7","gustPeak":"13.0","humidity":"72","qfePressure":"908.9","qffPressure":null},{"station":{"code":"PIL","name":"Pilatus","ch1903Y":661910,"ch1903X":203410,"lat":46.9788679884085,"lng":8.25232643434535,"elevation":2106},"code":"PIL","dateTime":"2015-05-17T09:40:00.000Z","temperature":"3.6","sunshine":"0","precipitation":"0.0","windDirection":"81","windSpeed":"2.2","qnhPressure":"1026.9","gustPeak":"7.6","humidity":"97","qfePressure":"795.9","qffPressure":null},{"station":{"code":"CMA","name":"Crap Masegn","ch1903Y":732820,"ch1903X":189380,"lat":46.8422958147689,"lng":9.17998933354038,"elevation":2480},"code":"CMA","dateTime":"2015-05-17T09:40:00.000Z","temperature":"0.9","sunshine":"0","precipitation":null,"windDirection":"259","windSpeed":"5.0","qnhPressure":"1027.1","gustPeak":"9.4","humidity":"96","qfePressure":"759.4","qffPressure":null},{"station":{"code":"EGH","name":"Eggishorn","ch1903Y":650279,"ch1903X":141897,"lat":46.4265323138949,"lng":8.09272861659522,"elevation":2893},"code":"EGH","dateTime":"2015-05-17T09:40:00.000Z","temperature":null,"sunshine":null,"precipitation":null,"windDirection":"136","windSpeed":"9.7","qnhPressure":"1028.8","gustPeak":"15.8","humidity":null,"qfePressure":"722.2","qffPressure":null},{"station":{"code":"GVE","name":"Genève-Cointrin","ch1903Y":498903,"ch1903X":122624,"lat":46.247449465089,"lng":6.12772466049919,"elevation":420},"code":"GVE","dateTime":"2015-05-17T09:40:00.000Z","temperature":"17.8","sunshine":"10","precipitation":"0.0","windDirection":"51","windSpeed":"15.5","qnhPressure":"1025.5","gustPeak":"23.0","humidity":"55","qfePressure":"976.3","qffPressure":"1024.4"},{"station":{"code":"BEZ","name":"Beznau","ch1903Y":659808,"ch1903X":267693,"lat":47.5572264128632,"lng":8.23325335813757,"elevation":325},"code":"BEZ","dateTime":"2015-05-17T09:40:00.000Z","temperature":"17.7","sunshine":"10","precipitation":"0.0","windDirection":"262","windSpeed":"2.5","qnhPressure":"1025.7","gustPeak":"7.9","humidity":"64","qfePressure":"986.6","qffPressure":"1024.9"},{"station":{"code":"MER","name":"Meiringen","ch1903Y":655843,"ch1903X":175920,"lat":46.7321351879739,"lng":8.16922852769843,"elevation":588},"code":"MER","dateTime":"2015-05-17T09:40:00.000Z","temperature":"16.1","sunshine":"0","precipitation":"0.0","windDirection":"268","windSpeed":"11.5","qnhPressure":"1025.4","gustPeak":"17.6","humidity":"62","qfePressure":"955.8","qffPressure":"1024.0"},{"station":{"code":"BUF","name":"Buffalora","ch1903Y":816494,"ch1903X":170225,"lat":46.6481375438919,"lng":10.267184151095,"elevation":1968},"code":"BUF","dateTime":"2015-05-17T09:40:00.000Z","temperature":"12.4","sunshine":"10","precipitation":"0.0","windDirection":"312","windSpeed":"8.6","qnhPressure":"1025.2","gustPeak":"18.4","humidity":"36","qfePressure":"807.8","qffPressure":null},{"station":{"code":"MUB","name":"Mühleberg","ch1903Y":587788,"ch1903X":202478,"lat":46.9732588722611,"lng":7.27815330573383,"elevation":479},"code":"MUB","dateTime":"2015-05-17T09:40:00.000Z","temperature":"16.2","sunshine":"1","precipitation":"0.0","windDirection":"72","windSpeed":"4.0","qnhPressure":"1025.5","gustPeak":"6.8","humidity":"67","qfePressure":"968.5","qffPressure":"1024.5"},{"station":{"code":"QUI","name":"Quinten","ch1903Y":734848,"ch1903X":221278,"lat":47.1287419931682,"lng":9.21604230416234,"elevation":419},"code":"QUI","dateTime":"2015-05-17T09:40:00.000Z","temperature":null,"sunshine":null,"precipitation":null,"windDirection":"104","windSpeed":"1.8","qnhPressure":"1025.3","gustPeak":"4.3","humidity":null,"qfePressure":"975.3","qffPressure":null},{"station":{"code":"KLO","name":"Zürich / Kloten","ch1903Y":682706,"ch1903X":259337,"lat":47.4795972529174,"lng":8.53589493902082,"elevation":426},"code":"KLO","dateTime":"2015-05-17T09:40:00.000Z","temperature":"16.9","sunshine":"4","precipitation":"0.0","windDirection":"83","windSpeed":"5.0","qnhPressure":"1025.8","gustPeak":"9.0","humidity":"71","qfePressure":"975.0","qffPressure":"1024.9"},{"station":{"code":"EVO","name":"Evolène / Villa","ch1903Y":605415,"ch1903X":106740,"lat":46.1121374956964,"lng":7.50867577695555,"elevation":1825},"code":"EVO","dateTime":"2015-05-17T09:40:00.000Z","temperature":null,"sunshine":null,"precipitation":"0.0","windDirection":"261","windSpeed":"9.0","qnhPressure":"1026.8","gustPeak":"15.5","humidity":null,"qfePressure":"823.3","qffPressure":null},{"station":{"code":"SCM","name":"Schmerikon","ch1903Y":713722,"ch1903X":231496,"lat":47.2246005188842,"lng":8.94023396758032,"elevation":408},"code":"SCM","dateTime":"2015-05-17T09:40:00.000Z","temperature":null,"sunshine":null,"precipitation":null,"windDirection":"249","windSpeed":"9.4","qnhPressure":"1025.8","gustPeak":"12.6","humidity":null,"qfePressure":"977.1","qffPressure":null},{"station":{"code":"SBO","name":"Stabio","ch1903Y":716034,"ch1903X":77964,"lat":45.8433785042042,"lng":8.93217221523274,"elevation":353},"code":"SBO","dateTime":"2015-05-17T09:40:00.000Z","temperature":"22.0","sunshine":"10","precipitation":"0.0","windDirection":"70","windSpeed":"3.2","qnhPressure":"1021.0","gustPeak":"7.2","humidity":"46","qfePressure":"979.1","qffPressure":"1019.5"},{"station":{"code":"BER","name":"Bern / Zollikofen","ch1903Y":601929,"ch1903X":204409,"lat":46.9907380051444,"lng":7.46399539556357,"elevation":552},"code":"BER","dateTime":"2015-05-17T09:40:00.000Z","temperature":"16.7","sunshine":"10","precipitation":"0.0","windDirection":"77","windSpeed":"8.3","qnhPressure":"1025.8","gustPeak":"18.0","humidity":"62","qfePressure":"960.3","qffPressure":"1024.4"},{"station":{"code":"NAP","name":"Napf","ch1903Y":638132,"ch1903X":206078,"lat":47.0046580839788,"lng":7.94004485409616,"elevation":1403},"code":"NAP","dateTime":"2015-05-17T09:40:00.000Z","temperature":"9.1","sunshine":"0","precipitation":"0.0","windDirection":"334","windSpeed":"7.2","qnhPressure":"1026.8","gustPeak":"14.8","humidity":"89","qfePressure":"867.2","qffPressure":null},{"station":{"code":"MLS","name":"Le Moléson","ch1903Y":567723,"ch1903X":155072,"lat":46.5461557457332,"lng":7.01781324637386,"elevation":1974},"code":"MLS","dateTime":"2015-05-17T09:40:00.000Z","temperature":"4.4","sunshine":"0","precipitation":"0.0","windDirection":"159","windSpeed":"4.0","qnhPressure":"1026.9","gustPeak":"9.0","humidity":"96","qfePressure":"808.6","qffPressure":null},{"station":{"code":"GUE","name":"Gütsch ob Andermatt","ch1903Y":690140,"ch1903X":167590,"lat":46.6534573364687,"lng":8.61624444240366,"elevation":2287},"code":"GUE","dateTime":"2015-05-17T09:40:00.000Z","temperature":"2.3","sunshine":"10","precipitation":"0.0","windDirection":"360","windSpeed":"10.4","qnhPressure":"1027.4","gustPeak":"15.8","humidity":"86","qfePressure":"778.6","qffPressure":null},{"station":{"code":"LAG","name":"Langnau i.E.","ch1903Y":628005,"ch1903X":198792,"lat":46.939624676323,"lng":7.80643559081051,"elevation":745},"code":"LAG","dateTime":"2015-05-17T09:40:00.000Z","temperature":"13.9","sunshine":"0","precipitation":"0.0","windDirection":"130","windSpeed":"5.8","qnhPressure":"1026.3","gustPeak":"9.4","humidity":"72","qfePressure":"938.9","qffPressure":null},{"station":{"code":"ABO","name":"Adelboden","ch1903Y":609400,"ch1903X":148975,"lat":46.4920219644093,"lng":7.56107046494746,"elevation":1320},"code":"ABO","dateTime":"2015-05-17T09:40:00.000Z","temperature":"12.3","sunshine":"10","precipitation":"0.0","windDirection":"53","windSpeed":"11.9","qnhPressure":"1026.4","gustPeak":"20.2","humidity":"63","qfePressure":"875.1","qffPressure":null},{"station":{"code":"ENG","name":"Engelberg","ch1903Y":674156,"ch1903X":186097,"lat":46.8218898122211,"lng":8.41044407966648,"elevation":1035},"code":"ENG","dateTime":"2015-05-17T09:40:00.000Z","temperature":"12.6","sunshine":"0","precipitation":"0.0","windDirection":"235","windSpeed":"11.5","qnhPressure":"1026.2","gustPeak":"18.4","humidity":"75","qfePressure":"906.4","qffPressure":null},{"station":{"code":"LAE","name":"Lägern","ch1903Y":672250,"ch1903X":259460,"lat":47.4819349333631,"lng":8.39720963761465,"elevation":845},"code":"LAE","dateTime":"2015-05-17T09:40:00.000Z","temperature":"11.8","sunshine":"5","precipitation":null,"windDirection":"35","windSpeed":"5.4","qnhPressure":"1026.4","gustPeak":"12.6","humidity":"84","qfePressure":"927.8","qffPressure":null},{"station":{"code":"HLL","name":"Hallau","ch1903Y":677456,"ch1903X":283472,"lat":47.6972788468148,"lng":8.47045810518921,"elevation":419},"code":"HLL","dateTime":"2015-05-17T09:40:00.000Z","temperature":"15.8","sunshine":"0","precipitation":"0.0","windDirection":"120","windSpeed":"3.2","qnhPressure":"1026.1","gustPeak":"8.6","humidity":"69","qfePressure":"976.1","qffPressure":"1025.4"},{"station":{"code":"DEM","name":"Delémont","ch1903Y":593269,"ch1903X":244543,"lat":47.3517025817606,"lng":7.34955441506763,"elevation":439},"code":"DEM","dateTime":"2015-05-17T09:40:00.000Z","temperature":"14.6","sunshine":"0","precipitation":"0.0","windDirection":"18","windSpeed":"2.9","qnhPressure":"1026.5","gustPeak":"6.5","humidity":"76","qfePressure":"974.2","qffPressure":"1025.9"},{"station":{"code":"ZER","name":"Zermatt","ch1903Y":624350,"ch1903X":97566,"lat":46.02919614897,"lng":7.75310743639163,"elevation":1638},"code":"ZER","dateTime":"2015-05-17T09:40:00.000Z","temperature":"11.8","sunshine":"10","precipitation":"0.0","windDirection":"52","windSpeed":"11.5","qnhPressure":"1025.9","gustPeak":"18.7","humidity":"59","qfePressure":"841.9","qffPressure":null},{"station":{"code":"SCU","name":"Scuol","ch1903Y":817135,"ch1903X":186393,"lat":46.7932730895871,"lng":10.2832147855995,"elevation":1303},"code":"SCU","dateTime":"2015-05-17T09:40:00.000Z","temperature":"16.1","sunshine":"10","precipitation":"0.0","windDirection":"109","windSpeed":"6.1","qnhPressure":"1024.4","gustPeak":"11.9","humidity":"44","qfePressure":"875.8","qffPressure":null},{"station":{"code":"BOL","name":"Boltigen","ch1903Y":595828,"ch1903X":163588,"lat":46.6235274330422,"lng":7.38416556356202,"elevation":820},"code":"BOL","dateTime":"2015-05-17T09:40:00.000Z","temperature":"16.4","sunshine":"10","precipitation":"0.0","windDirection":"55","windSpeed":"17.3","qnhPressure":"1025.7","gustPeak":"25.6","humidity":"61","qfePressure":"929.9","qffPressure":null},{"station":{"code":"PRE","name":"St-Prex","ch1903Y":523549,"ch1903X":148525,"lat":46.4836778004649,"lng":6.44300489604474,"elevation":425},"code":"PRE","dateTime":"2015-05-17T09:40:00.000Z","temperature":null,"sunshine":null,"precipitation":null,"windDirection":"132","windSpeed":"8.6","qnhPressure":null,"gustPeak":"15.8","humidity":null,"qfePressure":null,"qffPressure":null},{"station":{"code":"ULR","name":"Ulrichen","ch1903Y":666740,"ch1903X":150760,"lat":46.5048195416325,"lng":8.30813554042627,"elevation":1345},"code":"ULR","dateTime":"2015-05-17T09:40:00.000Z","temperature":"13.0","sunshine":"10","precipitation":"0.0","windDirection":"115","windSpeed":"4.3","qnhPressure":"1025.6","gustPeak":"6.8","humidity":"51","qfePressure":"872.4","qffPressure":null},{"station":{"code":"ORO","name":"Oron","ch1903Y":555502,"ch1903X":158048,"lat":46.5722248742171,"lng":6.85819527540231,"elevation":827},"code":"ORO","dateTime":"2015-05-17T09:40:00.000Z","temperature":"13.2","sunshine":"0","precipitation":"0.0","windDirection":"356","windSpeed":"17.3","qnhPressure":"1025.9","gustPeak":"22.3","humidity":"75","qfePressure":"929.3","qffPressure":null},{"station":{"code":"AND","name":"Andeer","ch1903Y":752687,"ch1903X":164035,"lat":46.6101172538401,"lng":9.43191033832129,"elevation":987},"code":"AND","dateTime":"2015-05-17T09:40:00.000Z","temperature":"15.7","sunshine":"10","precipitation":"0.0","windDirection":"14","windSpeed":"10.4","qnhPressure":"1025.4","gustPeak":"16.2","humidity":"51","qfePressure":"911.1","qffPressure":null},{"station":{"code":"NAS","name":"Naluns / Schlivera","ch1903Y":815374,"ch1903X":188987,"lat":46.8171641190244,"lng":10.2613879737207,"elevation":2400},"code":"NAS","dateTime":"2015-05-17T09:40:00.000Z","temperature":"6.8","sunshine":"4","precipitation":null,"windDirection":"351","windSpeed":"4.3","qnhPressure":"1029.7","gustPeak":"18.0","humidity":"72","qfePressure":"769.1","qffPressure":null},{"station":{"code":"ATT","name":"Les Attelas","ch1903Y":586862,"ch1903X":105305,"lat":46.0991228053999,"lng":7.26874843020939,"elevation":2730},"code":"ATT","dateTime":"2015-05-17T09:40:00.000Z","temperature":"4.4","sunshine":"10","precipitation":null,"windDirection":"178","windSpeed":"7.2","qnhPressure":"1027.6","gustPeak":"11.2","humidity":"63","qfePressure":"736.1","qffPressure":null},{"station":{"code":"BOU","name":"Bouveret","ch1903Y":555264,"ch1903X":138175,"lat":46.3934441640058,"lng":6.85701200475683,"elevation":374},"code":"BOU","dateTime":"2015-05-17T09:40:00.000Z","temperature":"15.5","sunshine":null,"precipitation":null,"windDirection":"357","windSpeed":"5.0","qnhPressure":"1025.6","gustPeak":"5.8","humidity":"70","qfePressure":"980.9","qffPressure":"1025.1"},{"station":{"code":"GSB","name":"Col du Grand St-Bernard","ch1903Y":579200,"ch1903X":79720,"lat":45.8687853402045,"lng":7.17079950096375,"elevation":2472},"code":"GSB","dateTime":"2015-05-17T09:40:00.000Z","temperature":"3.2","sunshine":"10","precipitation":"0.0","windDirection":"88","windSpeed":"16.9","qnhPressure":null,"gustPeak":"21.6","humidity":"80","qfePressure":"759.3","qffPressure":null},{"station":{"code":"SMA","name":"Zürich / Fluntern","ch1903Y":685117,"ch1903X":248061,"lat":47.37788228649,"lng":8.56572989044059,"elevation":555},"code":"SMA","dateTime":"2015-05-17T09:40:00.000Z","temperature":"16.2","sunshine":"10","precipitation":"0.0","windDirection":"272","windSpeed":"5.4","qnhPressure":"1025.8","gustPeak":"12.6","humidity":"68","qfePressure":"960.0","qffPressure":"1024.6"},{"station":{"code":"TIT","name":"Titlis","ch1903Y":675400,"ch1903X":180400,"lat":46.7705073073692,"lng":8.4258056927188,"elevation":3040},"code":"TIT","dateTime":"2015-05-17T09:40:00.000Z","temperature":"1.0","sunshine":"10","precipitation":"0.0","windDirection":"192","windSpeed":"5.0","qnhPressure":"1028.7","gustPeak":"11.5","humidity":"73","qfePressure":"704.1","qffPressure":null},{"station":{"code":"ALT","name":"Altdorf","ch1903Y":690174,"ch1903X":193558,"lat":46.8870196529326,"lng":8.62180380198374,"elevation":438},"code":"ALT","dateTime":"2015-05-17T09:40:00.000Z","temperature":"16.1","sunshine":"0","precipitation":"0.0","windDirection":"326","windSpeed":"9.0","qnhPressure":"1025.3","gustPeak":"15.1","humidity":"70","qfePressure":"973.1","qffPressure":"1024.5"},{"station":{"code":"GIH","name":"Giswil","ch1903Y":657320,"ch1903X":188980,"lat":46.8494845894586,"lng":8.1901872008975,"elevation":475},"code":"GIH","dateTime":"2015-05-17T09:40:00.000Z","temperature":"16.6","sunshine":"0","precipitation":"0.0","windDirection":"44","windSpeed":"6.1","qnhPressure":"1025.8","gustPeak":"10.8","humidity":"67","qfePressure":"969.8","qffPressure":"1024.7"},{"station":{"code":"DOL","name":"La Dôle","ch1903Y":497061,"ch1903X":142362,"lat":46.4246996116535,"lng":6.09947680352535,"elevation":1669},"code":"DOL","dateTime":"2015-05-17T09:40:00.000Z","temperature":"7.2","sunshine":"2","precipitation":"0.0","windDirection":"346","windSpeed":"8.3","qnhPressure":"1027.1","gustPeak":"14.0","humidity":"84","qfePressure":"839.7","qffPressure":null},{"station":{"code":"GRO","name":"Grono","ch1903Y":733014,"ch1903X":124080,"lat":46.254991245749,"lng":9.16370831011765,"elevation":323},"code":"GRO","dateTime":"2015-05-17T09:40:00.000Z","temperature":"22.0","sunshine":"10","precipitation":"0.0","windDirection":"192","windSpeed":"5.0","qnhPressure":"1020.6","gustPeak":"8.6","humidity":"42","qfePressure":"982.0","qffPressure":"1019.2"},{"station":{"code":"STG","name":"St. Gallen","ch1903Y":747861,"ch1903X":254586,"lat":47.4254611175553,"lng":9.39846161236304,"elevation":775},"code":"STG","dateTime":"2015-05-17T09:40:00.000Z","temperature":"12.8","sunshine":"0","precipitation":"0.0","windDirection":"356","windSpeed":"6.5","qnhPressure":"1026.2","gustPeak":"13.0","humidity":"79","qfePressure":"935.3","qffPressure":null},{"station":{"code":"SMM","name":"Sta. Maria, Val Müstair","ch1903Y":828858,"ch1903X":165569,"lat":46.6021602831445,"lng":10.4262523158962,"elevation":1383},"code":"SMM","dateTime":"2015-05-17T09:40:00.000Z","temperature":"16.4","sunshine":"10","precipitation":"0.0","windDirection":"32","windSpeed":"7.9","qnhPressure":"1023.4","gustPeak":"11.5","humidity":"41","qfePressure":"866.5","qffPressure":null},{"station":{"code":"THU","name":"Thun","ch1903Y":611202,"ch1903X":177630,"lat":46.7497613024516,"lng":7.58523830610707,"elevation":570},"code":"THU","dateTime":"2015-05-17T09:40:00.000Z","temperature":null,"sunshine":null,"precipitation":"0.0","windDirection":"270","windSpeed":"4.3","qnhPressure":"1025.8","gustPeak":"7.6","humidity":null,"qfePressure":"958.4","qffPressure":"1024.7"},{"station":{"code":"MRP","name":"Monte Rosa-Plattje","ch1903Y":629149,"ch1903X":89520,"lat":45.9566302439615,"lng":7.81458611643345,"elevation":2885},"code":"MRP","dateTime":"2015-05-17T09:40:00.000Z","temperature":"5.1","sunshine":"10","precipitation":null,"windDirection":"114","windSpeed":"0.7","qnhPressure":"1028.5","gustPeak":"2.9","humidity":"42","qfePressure":"722.7","qffPressure":null},{"station":{"code":"STK","name":"Steckborn","ch1903Y":715871,"ch1903X":280916,"lat":47.6686292005605,"lng":8.98142593062216,"elevation":398},"code":"STK","dateTime":"2015-05-17T09:40:00.000Z","temperature":null,"sunshine":null,"precipitation":null,"windDirection":"62","windSpeed":"6.1","qnhPressure":null,"gustPeak":"8.3","humidity":null,"qfePressure":"978.8","qffPressure":null},{"station":{"code":"PAY","name":"Payerne","ch1903Y":562127,"ch1903X":184612,"lat":46.8115845232361,"lng":6.94241980764273,"elevation":490},"code":"PAY","dateTime":"2015-05-17T09:40:00.000Z","temperature":"16.6","sunshine":"9","precipitation":"0.0","windDirection":"23","windSpeed":"10.1","qnhPressure":"1025.5","gustPeak":"17.6","humidity":"60","qfePressure":"967.4","qffPressure":"1024.4"},{"station":{"code":"HOE","name":"Hörnli","ch1903Y":713515,"ch1903X":247755,"lat":47.3708509834111,"lng":8.94161219191723,"elevation":1132},"code":"HOE","dateTime":"2015-05-17T09:40:00.000Z","temperature":"10.6","sunshine":"1","precipitation":"0.0","windDirection":"290","windSpeed":"5.0","qnhPressure":"1026.5","gustPeak":"11.2","humidity":"80","qfePressure":"896.1","qffPressure":null},{"station":{"code":"CHU","name":"Chur","ch1903Y":759471,"ch1903X":193157,"lat":46.8704059117362,"lng":9.53057035777944,"elevation":556},"code":"CHU","dateTime":"2015-05-17T09:40:00.000Z","temperature":"16.7","sunshine":"0","precipitation":"0.0","windDirection":"13","windSpeed":"13.0","qnhPressure":"1025.1","gustPeak":"20.5","humidity":"62","qfePressure":"959.3","qffPressure":"1023.7"},{"station":{"code":"BIE","name":"Bière","ch1903Y":515888,"ch1903X":153206,"lat":46.5248640958054,"lng":6.34239552456168,"elevation":683},"code":"BIE","dateTime":"2015-05-17T09:40:00.000Z","temperature":"15.8","sunshine":"1","precipitation":"0.0","windDirection":"43","windSpeed":"7.6","qnhPressure":"1025.8","gustPeak":"20.5","humidity":"65","qfePressure":"945.4","qffPressure":null},{"station":{"code":"PMA","name":"Piz Martegnas","ch1903Y":760267,"ch1903X":160583,"lat":46.5773005835068,"lng":9.52961722091492,"elevation":2670},"code":"PMA","dateTime":"2015-05-17T09:40:00.000Z","temperature":null,"sunshine":null,"precipitation":null,"windDirection":null,"windSpeed":null,"qnhPressure":null,"gustPeak":null,"humidity":null,"qfePressure":null,"qffPressure":null},{"station":{"code":"GRA","name":"Fribourg / Posieux","ch1903Y":575182,"ch1903X":180076,"lat":46.771396166934,"lng":7.11371186853416,"elevation":646},"code":"GRA","dateTime":"2015-05-17T09:40:00.000Z","temperature":"15.1","sunshine":"0","precipitation":"0.0","windDirection":"2","windSpeed":"10.4","qnhPressure":"1025.4","gustPeak":"18.7","humidity":"68","qfePressure":"949.3","qffPressure":null},{"station":{"code":"FRE","name":"Bullet / La Frétaz","ch1903Y":534221,"ch1903X":188081,"lat":46.8406158817807,"lng":6.57631505871086,"elevation":1205},"code":"FRE","dateTime":"2015-05-17T09:40:00.000Z","temperature":"10.3","sunshine":"0","precipitation":"0.0","windDirection":"71","windSpeed":"5.4","qnhPressure":"1026.7","gustPeak":"10.1","humidity":"85","qfePressure":"888.4","qffPressure":null},{"station":{"code":"GRE","name":"Grenchen","ch1903Y":598216,"ch1903X":225348,"lat":47.1790838897612,"lng":7.41510265303697,"elevation":430},"code":"GRE","dateTime":"2015-05-17T09:40:00.000Z","temperature":"17.8","sunshine":"10","precipitation":"0.0","windDirection":"128","windSpeed":"5.0","qnhPressure":"1026.0","gustPeak":"9.7","humidity":"61","qfePressure":"974.7","qffPressure":"1024.9"},{"station":{"code":"GRH","name":"Grimsel Hospiz","ch1903Y":668583,"ch1903X":158215,"lat":46.5716911603333,"lng":8.33325155123996,"elevation":1980},"code":"GRH","dateTime":"2015-05-17T09:40:00.000Z","temperature":"4.5","sunshine":"10","precipitation":"0.0","windDirection":"12","windSpeed":"1.4","qnhPressure":"1027.2","gustPeak":"4.7","humidity":"75","qfePressure":"810.3","qffPressure":null},{"station":{"code":"LUZ","name":"Luzern","ch1903Y":665540,"ch1903X":209848,"lat":47.0364265819145,"lng":8.30096191566564,"elevation":454},"code":"LUZ","dateTime":"2015-05-17T09:40:00.000Z","temperature":"16.2","sunshine":"0","precipitation":"0.0","windDirection":"313","windSpeed":"3.6","qnhPressure":"1025.8","gustPeak":"7.6","humidity":"64","qfePressure":"971.7","qffPressure":"1024.9"},{"station":{"code":"VAD","name":"Vaduz","ch1903Y":757718,"ch1903X":221696,"lat":47.1274464538661,"lng":9.51750545932092,"elevation":457},"code":"VAD","dateTime":"2015-05-17T09:40:00.000Z","temperature":"16.8","sunshine":"1","precipitation":"0.0","windDirection":"333","windSpeed":"5.8","qnhPressure":"1025.5","gustPeak":"11.2","humidity":"69","qfePressure":"971.1","qffPressure":"1024.5"},{"station":{"code":"WAE","name":"Wädenswil","ch1903Y":693849,"ch1903X":230708,"lat":47.2206347285515,"lng":8.67771149999218,"elevation":485},"code":"WAE","dateTime":"2015-05-17T09:40:00.000Z","temperature":"15.6","sunshine":"8","precipitation":"0.0","windDirection":"37","windSpeed":"6.5","qnhPressure":"1025.8","gustPeak":"11.5","humidity":"66","qfePressure":"968.1","qffPressure":"1024.9"},{"station":{"code":"REH","name":"Zürich / Affoltern","ch1903Y":681428,"ch1903X":253545,"lat":47.4276680064869,"lng":8.51788559876821,"elevation":443},"code":"REH","dateTime":"2015-05-17T09:40:00.000Z","temperature":"16.1","sunshine":"1","precipitation":"0.0","windDirection":"331","windSpeed":"4.0","qnhPressure":"1025.9","gustPeak":"8.6","humidity":"67","qfePressure":"973.0","qffPressure":"1025.0"},{"station":{"code":"VAB","name":"Valbella","ch1903Y":761637,"ch1903X":180380,"lat":46.7549906589076,"lng":9.55444949690734,"elevation":1569},"code":"VAB","dateTime":"2015-05-17T09:40:00.000Z","temperature":null,"sunshine":null,"precipitation":null,"windDirection":null,"windSpeed":null,"qnhPressure":null,"gustPeak":null,"humidity":null,"qfePressure":null,"qffPressure":null},{"station":{"code":"TAE","name":"Aadorf / Tänikon","ch1903Y":710514,"ch1903X":259821,"lat":47.4798656101848,"lng":8.90487073380479,"elevation":539},"code":"TAE","dateTime":"2015-05-17T09:40:00.000Z","temperature":"15.5","sunshine":"2","precipitation":"0.0","windDirection":"304","windSpeed":"7.6","qnhPressure":"1025.9","gustPeak":"14.4","humidity":"73","qfePressure":"962.1","qffPressure":"1024.8"},{"station":{"code":"NEU","name":"Neuchâtel","ch1903Y":563150,"ch1903X":205600,"lat":47.0004309289581,"lng":6.95412531516132,"elevation":485},"code":"NEU","dateTime":"2015-05-17T09:40:00.000Z","temperature":"16.6","sunshine":"10","precipitation":"0.0","windDirection":"182","windSpeed":"5.8","qnhPressure":"1025.7","gustPeak":"11.5","humidity":"62","qfePressure":"968.2","qffPressure":"1024.6"},{"station":{"code":"EIN","name":"Einsiedeln","ch1903Y":699981,"ch1903X":221058,"lat":47.1329481119422,"lng":8.75651765205525,"elevation":910},"code":"EIN","dateTime":"2015-05-17T09:40:00.000Z","temperature":"13.0","sunshine":"4","precipitation":"0.0","windDirection":"2","windSpeed":"8.3","qnhPressure":"1026.2","gustPeak":"13.3","humidity":"79","qfePressure":"920.3","qffPressure":null},{"station":{"code":"MAG","name":"Magadino / Cadenazzo","ch1903Y":715475,"ch1903X":113162,"lat":46.1600351411371,"lng":8.93360690453619,"elevation":203},"code":"MAG","dateTime":"2015-05-17T09:40:00.000Z","temperature":"22.1","sunshine":"10","precipitation":"0.0","windDirection":"295","windSpeed":"3.6","qnhPressure":"1020.4","gustPeak":"6.8","humidity":"41","qfePressure":"995.9","qffPressure":"1019.6"},{"station":{"code":"PUY","name":"Pully","ch1903Y":540811,"ch1903X":151514,"lat":46.5123118387978,"lng":6.66741106502265,"elevation":455},"code":"PUY","dateTime":"2015-05-17T09:40:00.000Z","temperature":"16.0","sunshine":"0","precipitation":"0.0","windDirection":"207","windSpeed":"2.9","qnhPressure":"1025.4","gustPeak":"9.4","humidity":"66","qfePressure":"971.2","qffPressure":"1024.5"},{"station":{"code":"DIS","name":"Disentis / Sedrun","ch1903Y":708188,"ch1903X":173789,"lat":46.7065316128356,"lng":8.85344049269398,"elevation":1197},"code":"DIS","dateTime":"2015-05-17T09:40:00.000Z","temperature":"12.5","sunshine":"0","precipitation":"0.0","windDirection":"167","windSpeed":"1.8","qnhPressure":"1026.4","gustPeak":"5.0","humidity":"70","qfePressure":"889.0","qffPressure":null},{"station":{"code":"RUE","name":"Rünenberg","ch1903Y":633246,"ch1903X":253845,"lat":47.4345618598242,"lng":7.87932494955346,"elevation":611},"code":"RUE","dateTime":"2015-05-17T09:40:00.000Z","temperature":"14.6","sunshine":"3","precipitation":"0.0","windDirection":"331","windSpeed":"5.8","qnhPressure":"1026.3","gustPeak":"12.6","humidity":"79","qfePressure":"954.1","qffPressure":null},{"station":{"code":"BIZ","name":"Bischofszell","ch1903Y":735325,"ch1903X":262285,"lat":47.4973844860844,"lng":9.23469610574162,"elevation":470},"code":"BIZ","dateTime":"2015-05-17T09:40:00.000Z","temperature":"16.1","sunshine":"0","precipitation":"0.0","windDirection":"33","windSpeed":"4.3","qnhPressure":"1026.2","gustPeak":"10.4","humidity":"70","qfePressure":"970.6","qffPressure":"1025.3"},{"station":{"code":"PLF","name":"Plaffeien","ch1903Y":586808,"ch1903X":177400,"lat":46.7476559472698,"lng":7.26599961662007,"elevation":1042},"code":"PLF","dateTime":"2015-05-17T09:40:00.000Z","temperature":"11.6","sunshine":"0","precipitation":"0.0","windDirection":"52","windSpeed":"11.2","qnhPressure":"1026.2","gustPeak":"16.2","humidity":"78","qfePressure":"905.7","qffPressure":null},{"station":{"code":"GLA","name":"Glarus","ch1903Y":723752,"ch1903X":210567,"lat":47.0345849430787,"lng":9.0669015770812,"elevation":516},"code":"GLA","dateTime":"2015-05-17T09:40:00.000Z","temperature":"15.9","sunshine":"0","precipitation":"0.0","windDirection":"291","windSpeed":"10.4","qnhPressure":"1025.5","gustPeak":"18.7","humidity":"71","qfePressure":"964.2","qffPressure":"1024.4"},{"station":{"code":"CIM","name":"Cimetta","ch1903Y":704433,"ch1903X":117452,"lat":46.2004218343832,"lng":8.79164245030769,"elevation":1661},"code":"CIM","dateTime":"2015-05-17T09:40:00.000Z","temperature":"15.4","sunshine":"10","precipitation":"0.0","windDirection":"54","windSpeed":"12.2","qnhPressure":"1024.8","gustPeak":"21.2","humidity":"45","qfePressure":"838.7","qffPressure":null},{"station":{"code":"LEI","name":"Leibstadt","ch1903Y":656378,"ch1903X":272111,"lat":47.5972619269058,"lng":8.18824494230146,"elevation":341},"code":"LEI","dateTime":"2015-05-17T09:40:00.000Z","temperature":"16.0","sunshine":"0","precipitation":"0.0","windDirection":"59","windSpeed":"3.2","qnhPressure":"1025.8","gustPeak":"7.2","humidity":"79","qfePressure":"984.9","qffPressure":"1025.2"},{"station":{"code":"BAS","name":"Basel / Binningen","ch1903Y":610911,"ch1903X":265600,"lat":47.5410344530504,"lng":7.58355531113649,"elevation":316},"code":"BAS","dateTime":"2015-05-17T09:40:00.000Z","temperature":"17.9","sunshine":"8","precipitation":"0.0","windDirection":"312","windSpeed":"8.3","qnhPressure":"1026.2","gustPeak":"17.6","humidity":"63","qfePressure":"988.2","qffPressure":"1025.4"},{"station":{"code":"EBK","name":"Ebnat-Kappel","ch1903Y":726348,"ch1903X":237167,"lat":47.273304109823,"lng":9.10849572491865,"elevation":623},"code":"EBK","dateTime":"2015-05-17T09:40:00.000Z","temperature":"15.0","sunshine":"0","precipitation":"0.0","windDirection":"316","windSpeed":"6.5","qnhPressure":"1026.0","gustPeak":"11.2","humidity":"69","qfePressure":"952.4","qffPressure":null},{"station":{"code":"LUG","name":"Lugano","ch1903Y":717873,"ch1903X":95884,"lat":46.0042259772403,"lng":8.96030751582468,"elevation":273},"code":"LUG","dateTime":"2015-05-17T09:40:00.000Z","temperature":"19.0","sunshine":"10","precipitation":"0.0","windDirection":"204","windSpeed":"4.3","qnhPressure":"1021.0","gustPeak":"7.2","humidity":"62","qfePressure":"985.1","qffPressure":"1020.1"},{"station":{"code":"CRM","name":"Cressier","ch1903Y":571160,"ch1903X":210800,"lat":47.0476012189039,"lng":7.05911011263168,"elevation":431},"code":"CRM","dateTime":"2015-05-17T09:40:00.000Z","temperature":"16.9","sunshine":"0","precipitation":"0.0","windDirection":"66","windSpeed":"10.1","qnhPressure":"1025.9","gustPeak":"15.5","humidity":"66","qfePressure":"974.5","qffPressure":"1024.9"}]